{
  "employees": [
    {
      "id": 1,
      "first_name": "Sebastian",
      "last_name": "Eschweiler",
      "email": "sebastian@codingthesmartway.com"
    },
    {
      "id": 2,
      "first_name": "Steve",
      "last_name": "Palmer",
      "email": "steve@codingthesmartway.com"
    },
    {
      "id": 3,
      "first_name": "Ann",
      "last_name": "Smith",
      "email": "ann@codingthesmartway.com"
    },
    {
      "first_name": "Ram",
      "last_name": "sri",
      "email": "ramsri@gmail.com",
      "id": 4
    },
    {
      "first_name": "Admin",
      "last_name": "Abc",
      "email": "admin@gmail.com",
      "id": 5
    },
    {
      "first_name": "kani",
      "last_name": "dash",
      "email": "kanishkaa0909@gmail.com",
      "id": 6
    }
  ]
}